Data Type,Qe [W],Qa [W],Mdot Hot [kg/s],Mdot Cold [kg/s],Qf [W],U [W/m2.K],Mean Temp Efficiency [%],Vdot Hot [m3/min],Vdot Cold [m3/min]
100%,0.99734406,1.008348797,0.041166464,0.042665352,-0.023765515,2.05003918,21.42424655,4.16E-05,4.28E-05
75%,0.990224644,1.030065326,0.041174097,0.039311159,-0.039840681,1.973412985,21.66519668,4.16E-05,3.94E-05
50%,0.828582158,0.856254049,0.041290036,0.026663111,-0.027671891,1.701949015,23.01893604,4.18E-05,2.67E-05
25%,0.860910655,0.891016304,0.041266848,0.02919272,-0.030105649,1.756241809,22.74818817,4.17E-05,2.93E-05
0%,0.851212106,0.880587628,0.041273804,0.028433838,-0.029375522,1.739953971,22.82941253,4.18E-05,2.85E-05