X,id,Var,A,B
-1.0856306033005612,0,1970,a,2.5
-1.0856306033005612,0,1980,d,3.2
0.282978498051992,2,1970,c,0.7
0.282978498051992,2,1980,f,0.1
0.9973454465835858,1,1970,b,1.2
0.9973454465835858,1,1980,e,1.3
