Rozliczenie zwykłego kredytu hipo.,Opcja 0,Opcja 1,Opcja 2,Opcja 3,Opcja 4
Odsetki lata 0-2,25962.62,25962.62,25962.62,25962.62,25962.62
Odsetki lata 3-8,56461.26,56461.26,28960.89,56461.26,43440.71
Odsetki lata 9-18,43336.95,43336.95,3139.83,8838.9,5733.17
SUMA kosztów odsetek,125760.83,125760.83,58063.34,91262.78,75136.5
Całkowita wartość kredytu,333727.83,333727.83,266030.33999999997,299229.78000000003,283103.5
Przychody z lokaty 72 000 zł,0,63895.74,0,19366.080000000002,0
Termin spłaty kredytu,18 lat,18 lat,"11,5 roku","13,5 roku","12,5 roku"
Koszt po uwzględnieniu przychodów,333727.83,269832.09000000003,266030.33999999997,279863.7,283103.5
Marcin oszczędza,0,63895.739999999991,67697.490000000049,53864.130000000005,50624.330000000016
