150000,LOAN PERIOD IN YEARS,PAYMENT FREQUENCY,ANNUAL INTEREST RATE,SCHEDULED PAYMENT,TOTAL PAYMENTS,TOTAL INTEREST,Cost of Loan
SCENARIO 1,20,Monthly,0.05,989.9336088,240,87584.06612,237584.0661
SCENARIO 2,30,Bi-monthly,0.05,402.4357805,720,139753.762,289753.762
SCENARIO 3,20,Monthly,0.04,908.9704939,240,68152.91855,218152.9185
SCENARIO 4,30,Monthly,0.03,737.0126718,360,68518.66159,268367.5286
SCENARIO 5,20,Bi-monthly,0.05,802.7409741,290,68463.69704,218504.8873