Index,gender,SeniorCitizen,Partner,Dependents,tenure,PhoneService,OnlineSecurity,OnlineBackup,DeviceProtection,TechSupport,StreamingTV,StreamingMovies,PaperlessBilling,MonthlyCharges,TotalCharges,Churn,MultipleLines_No,MultipleLines_No phone service,MultipleLines_Yes,InternetService_DSL,InternetService_Fiber optic,InternetService_No,Contract_Month-to-month,Contract_One year,Contract_Two year,PaymentMethod_Bank transfer (automatic),PaymentMethod_Credit card (automatic),PaymentMethod_Electronic check,PaymentMethod_Mailed check
count,7032.0,7032.0,7032.0,7032.0,7032.0,7032.0,7032.0,7032.0,7032.0,7032.0,7032.0,7032.0,7032.0,7032.0,7032.0,7032.0,7032.0,7032.0,7032.0,7032.0,7032.0,7032.0,7032.0,7032.0,7032.0,7032.0,7032.0,7032.0,7032.0
mean,0.5046928327645052,0.1624004550625711,0.4825085324232082,0.2984926052332196,32.421786120591584,0.9032992036405004,0.286547212741752,0.3448521046643913,0.3438566552901024,0.2901023890784983,0.3843856655290102,0.3883674630261661,0.5927189988623436,64.79820819112628,2283.300440841866,0.2657849829351535,0.4813708759954493,0.0967007963594994,0.4219283276450511,0.3435722411831627,0.4402730375426621,0.2161547212741752,0.551052332195677,0.2093287827076222,0.2396188850967008,0.2192832764505119,0.216296928327645,0.3363196814562002,0.2281001137656427
std,0.5000135308251334,0.3688439967571051,0.4997294886907991,0.457629272995837,24.545259709263256,0.2955709320291018,0.4521802563790777,0.4753538301712343,0.4750277308912676,0.4538416944717606,0.4864843074333494,0.4874135421768257,0.4913629222565288,30.08597388404984,2266.771361883145,0.4417817113525549,0.4996883660837622,0.2955709320291018,0.4939023222194599,0.4749341352656061,0.4964551736124986,0.411650283101074,0.4974222004539452,0.4068584317786347,0.4268812352987827,0.4137903698282622,0.4117483168573753,0.472483332716697,0.4196373361452227
min,0.0,0.0,0.0,0.0,1.0,0.0,0.0,0.0,0.0,0.0,0.0,0.0,0.0,18.25,18.8,0.0,0.0,0.0,0.0,0.0,0.0,0.0,0.0,0.0,0.0,0.0,0.0,0.0,0.0
25%,0.0,0.0,0.0,0.0,9.0,1.0,0.0,0.0,0.0,0.0,0.0,0.0,0.0,35.587500000000006,401.45,0.0,0.0,0.0,0.0,0.0,0.0,0.0,0.0,0.0,0.0,0.0,0.0,0.0,0.0
50%,1.0,0.0,0.0,0.0,29.0,1.0,0.0,0.0,0.0,0.0,0.0,0.0,1.0,70.35,1397.475,0.0,0.0,0.0,0.0,0.0,0.0,0.0,1.0,0.0,0.0,0.0,0.0,0.0,0.0
75%,1.0,0.0,1.0,1.0,55.0,1.0,1.0,1.0,1.0,1.0,1.0,1.0,1.0,89.86249999999998,3794.7375,1.0,1.0,0.0,1.0,1.0,1.0,0.0,1.0,0.0,0.0,0.0,0.0,1.0,0.0
max,1.0,1.0,1.0,1.0,72.0,1.0,1.0,1.0,1.0,1.0,1.0,1.0,1.0,118.75,8684.8,1.0,1.0,1.0,1.0,1.0,1.0,1.0,1.0,1.0,1.0,1.0,1.0,1.0,1.0
